Model,MAE_A,RMSE_A,R2_A,MAE_B,RMSE_B,R2_B
Linear Regression,60.66183446338117,69.34049592793515,0.0035867961378182045,3.1295314914873775,3.7474893511915544,0.9970896420834584
Random Forest,0.0003636922499632606,0.008833742829440501,0.9999999838283218,1.0830157455808413e-05,0.0002501809527051279,0.9999999999870289
XGBoost,0.4793459256274028,0.6491076918452204,0.9999126829412833,0.19466105231643543,0.27034715037755497,0.9999848536084549
